{"/tmp/nas/.scout-hidden/images/1732037106483.jpg": {"wic": 0.4502, "loc": [{"l": "baboon", "c": 0.45023784041404724, "x": 351.88079833984375, "y": 17.914627075195312, "w": 28.1575927734375, "h": 50.376243591308594}]}}