{"/tmp/nas/.scout-hidden/images/1732037124761.jpg": {"wic": 0.6922, "loc": [{"l": "carcass", "c": 0.6922248005867004, "x": 240.93348693847656, "y": 319.738037109375, "w": 39.16148376464844, "h": 91.48886108398438}, {"l": "carcass", "c": 0.4891567528247833, "x": 222.96580505371094, "y": 192.5756072998047, "w": 40.947265625, "h": 46.41633605957031}]}}