{"/tmp/nas/.scout-hidden/images/1732037119477.jpg": {"wic": 0.5343, "loc": [{"l": "goat", "c": 0.534264862537384, "x": 445.75225830078125, "y": 421.5772705078125, "w": 22.997314453125, "h": 40.814697265625}, {"l": "red lechwe", "c": 0.5122272372245789, "x": 420.56356048583984, "y": 393.3788757324219, "w": 18.893592834472656, "h": 41.0921630859375}, {"l": "zebra", "c": 0.50872403383255, "x": 484.7065124511719, "y": 508.4515380859375, "w": 26.67266845703125, "h": 49.63848876953125}]}}