{"/tmp/nas/.scout-hidden/images/1732037115740.jpg": {"wic": 0.6371, "loc": [{"l": "goat", "c": 0.6371430158615112, "x": 187.90179443359375, "y": 350.9906311035156, "w": 24.760223388671875, "h": 27.121429443359375}, {"l": "hartebeest", "c": 0.4659743309020996, "x": 169.86753845214844, "y": 438.2752685546875, "w": 33.242279052734375, "h": 39.8841552734375}]}}