{"/tmp/nas/.scout-hidden/images/1732037110958.jpg": {"wic": 0.6075, "loc": [{"l": "carcass", "c": 0.6074857711791992, "x": 160.9521484375, "y": 359.48834228515625, "w": 79.02555847167969, "h": 45.1875}, {"l": "goat", "c": 0.5216584205627441, "x": 246.89451599121094, "y": 439.135986328125, "w": 21.289077758789062, "h": 57.1231689453125}, {"l": "goat", "c": 0.46573033928871155, "x": 340.2295227050781, "y": 350.01873779296875, "w": 26.7181396484375, "h": 33.0213623046875}]}}