{"/tmp/nas/.scout-hidden/images/1732037110914.jpg": {"wic": 0.6442, "loc": [{"l": "warthog", "c": 0.6442046165466309, "x": 96.0619125366211, "y": 431.64801025390625, "w": 49.68452453613281, "h": 44.36309814453125}]}}