{"/tmp/nas/.scout-hidden/images/1732037106825.jpg": {"wic": 0.8752, "loc": [{"l": "red lechwe", "c": 0.8752343058586121, "x": 604.0090179443359, "y": 281.7187194824219, "w": 92.51094055175781, "h": 77.3306884765625}, {"l": "red lechwe", "c": 0.4970017373561859, "x": 384.0, "y": 269.300537109375, "w": 40.79644012451172, "h": 62.974365234375}, {"l": "red lechwe", "c": 0.4927271008491516, "x": 448.0671691894531, "y": 284.9139099121094, "w": 69.55667114257812, "h": 53.86297607421875}]}}