{"/tmp/nas/.scout-hidden/images/1732037116474.jpg": {"wic": 0.5409, "loc": [{"l": "impala", "c": 0.5409049391746521, "x": 133.46331787109375, "y": 438.57080078125, "w": 48.42791748046875, "h": 40.74700927734375}, {"l": "goat", "c": 0.5108732581138611, "x": 511.073486328125, "y": 367.4184265136719, "w": 16.6962890625, "h": 24.248046875}]}}