{"/tmp/nas/.scout-hidden/images/1732037124649.jpg": {"wic": 0.4723, "loc": [{"l": "waterbuck", "c": 0.4722553789615631, "x": 382.2221374511719, "y": 0.07627903670072556, "w": 28.856048583984375, "h": 50.88892329484224}]}}