{"/tmp/nas/.scout-hidden/images/1732037124281.jpg": {"wic": 0.8182, "loc": [{"l": "buffalo", "c": 0.8182145357131958, "x": 375.3027648925781, "y": 223.83489990234375, "w": 84.76043701171875, "h": 107.18109130859375}, {"l": "buffalo", "c": 0.5634176135063171, "x": 230.20664978027344, "y": 179.3470001220703, "w": 70.49794006347656, "h": 38.351226806640625}]}}