{"/tmp/nas/.scout-hidden/images/1732037124961.jpg": {"wic": 0.473, "loc": [{"l": "goat", "c": 0.4729590117931366, "x": 473.6451721191406, "y": 311.3114318847656, "w": 23.9122314453125, "h": 42.747802734375}]}}