{"/tmp/nas/.scout-hidden/images/1732037115401.jpg": {"wic": 0.8491, "loc": [{"l": "carcass", "c": 0.8490768074989319, "x": 445.4043273925781, "y": 308.349853515625, "w": 41.97998046875, "h": 57.19476318359375}, {"l": "bird", "c": 0.6867671608924866, "x": 476.967529296875, "y": 467.230712890625, "w": 53.23504638671875, "h": 43.905517578125}, {"l": "carcass", "c": 0.6815453171730042, "x": 392.9721374511719, "y": 362.30999755859375, "w": 28.131317138671875, "h": 22.348846435546875}]}}