{"/tmp/nas/.scout-hidden/images/1732037122220.jpg": {"wic": 0.6385, "loc": [{"l": "goat", "c": 0.6384921669960022, "x": 141.38174438476562, "y": 172.27386474609375, "w": 22.13348388671875, "h": 54.94154357910156}, {"l": "goat", "c": 0.4737737774848938, "x": 102.03739929199219, "y": 133.74942016601562, "w": 19.694595336914062, "h": 50.42584228515625}]}}