{"/tmp/nas/.scout-hidden/images/1732037098806.jpg": {"wic": 0.5231, "loc": [{"l": "hippo", "c": 0.5230580568313599, "x": 285.3166809082031, "y": 270.94464111328125, "w": 153.32449340820312, "h": 116.16384887695312}]}}