{"/tmp/nas/.scout-hidden/images/1732037120816.jpg": {"wic": 0.6436, "loc": [{"l": "canoe", "c": 0.643627941608429, "x": 340.72125244140625, "y": 245.9391326904297, "w": 101.13705444335938, "h": 100.50282287597656}, {"l": "canoe", "c": 0.5493020415306091, "x": 415.978515625, "y": 379.437255859375, "w": 84.01931762695312, "h": 52.64007568359375}, {"l": "goat", "c": 0.48247602581977844, "x": 129.18687438964844, "y": 470.4776611328125, "w": 32.880340576171875, "h": 25.93292236328125}]}}