{"/tmp/nas/.scout-hidden/images/1732037096865.jpg": {"wic": 0.5788, "loc": [{"l": "waterbuck", "c": 0.5787957906723022, "x": 45.30610656738281, "y": 359.4497375488281, "w": 42.54481506347656, "h": 78.00958251953125}]}}