{"/tmp/nas/.scout-hidden/images/1732037115544.jpg": {"wic": 0.7656, "loc": [{"l": "carcass", "c": 0.76563560962677, "x": 272.152099609375, "y": 447.65203857421875, "w": 45.7381591796875, "h": 40.9736328125}, {"l": "carcass", "c": 0.5359296202659607, "x": 73.81437683105469, "y": 292.0826721191406, "w": 44.759124755859375, "h": 42.884002685546875}, {"l": "carcass", "c": 0.46410784125328064, "x": 365.14422607421875, "y": 95.40621948242188, "w": 42.0601806640625, "h": 36.69830322265625}, {"l": "carcass", "c": 0.45904064178466797, "x": 91.820068359375, "y": 250.67947387695312, "w": 44.332061767578125, "h": 43.19873046875}]}}