{"/tmp/nas/.scout-hidden/images/1732037125538.jpg": {"wic": 0.6469, "loc": [{"l": "warthog", "c": 0.6468712091445923, "x": 18.28860855102539, "y": 374.63104248046875, "w": 17.134258270263672, "h": 65.5244140625}, {"l": "wildebeest", "c": 0.5361428260803223, "x": 350.3968200683594, "y": 165.74447631835938, "w": 25.704437255859375, "h": 42.1114501953125}, {"l": "waterbuck", "c": 0.48220911622047424, "x": 191.13693237304688, "y": 461.46197509765625, "w": 28.81768798828125, "h": 34.35797119140625}]}}