{"/tmp/nas/.scout-hidden/images/1732037111586.jpg": {"wic": 0.4655, "loc": [{"l": "carcass", "c": 0.46550634503364563, "x": 220.47052001953125, "y": 187.55126953125, "w": 95.07012939453125, "h": 26.435272216796875}]}}