{"/tmp/nas/.scout-hidden/images/1732037120026.jpg": {"wic": 0.5365, "loc": [{"l": "giraffe", "c": 0.5364776849746704, "x": 513.8946228027344, "y": 162.471435546875, "w": 60.61920166015625, "h": 249.01214599609375}, {"l": "goat", "c": 0.5136513113975525, "x": 540.8995361328125, "y": 31.459081649780273, "w": 24.13739013671875, "h": 29.530794143676758}, {"l": "carcass", "c": 0.5110489130020142, "x": 156.45956420898438, "y": 304.2508544921875, "w": 39.83770751953125, "h": 72.7752685546875}]}}