{"/tmp/nas/.scout-hidden/images/1732037115278.jpg": {"wic": 0.6746, "loc": [{"l": "warthog", "c": 0.6746335625648499, "x": 351.77734375, "y": 452.25384521484375, "w": 24.2581787109375, "h": 34.33392333984375}, {"l": "hippo", "c": 0.5514975190162659, "x": 259.9693908691406, "y": 88.38297462463379, "w": 31.6856689453125, "h": 25.53087043762207}]}}