{"/tmp/nas/.scout-hidden/images/1732037106528.jpg": {"wic": 0.7309, "loc": [{"l": "carcass", "c": 0.7308672666549683, "x": 278.3133850097656, "y": 288.9559326171875, "w": 28.512939453125, "h": 35.91902160644531}, {"l": "carcass", "c": 0.7157591581344604, "x": 282.055419921875, "y": 82.69851684570312, "w": 28.922088623046875, "h": 28.573501586914062}, {"l": "warthog", "c": 0.6512740850448608, "x": 242.17977905273438, "y": 57.247467041015625, "w": 19.5374755859375, "h": 43.73695373535156}, {"l": "warthog", "c": 0.46989938616752625, "x": 348.2305908203125, "y": 344.03570556640625, "w": 19.855224609375, "h": 38.8099365234375}]}}