{"/tmp/nas/.scout-hidden/images/1732037100856.jpg": {"wic": 0.8731, "loc": [{"l": "carcass", "c": 0.8731335401535034, "x": 215.84982299804688, "y": 434.9974365234375, "w": 49.11100769042969, "h": 55.718536376953125}, {"l": "carcass", "c": 0.8024066686630249, "x": 545.09033203125, "y": 345.46600341796875, "w": 68.3216552734375, "h": 38.115814208984375}]}}