{"/tmp/nas/.scout-hidden/images/1732037126408.jpg": {"wic": 0.8019, "loc": [{"l": "buffalo", "c": 0.8019015789031982, "x": 144.3582305908203, "y": 70.32108306884766, "w": 47.405921936035156, "h": 33.23602294921875}, {"l": "buffalo", "c": 0.6761777997016907, "x": 133.25680923461914, "y": 110.91631317138672, "w": 26.660446166992188, "h": 43.87671661376953}, {"l": "buffalo", "c": 0.6582497954368591, "x": 19.9095458984375, "y": 0.0, "w": 34.69966125488281, "h": 36.76898193359375}, {"l": "buffalo", "c": 0.5664125084877014, "x": 141.42526245117188, "y": 95.41305541992188, "w": 37.743865966796875, "h": 45.73652648925781}]}}