{"/tmp/nas/.scout-hidden/images/1732037107416.jpg": {"wic": 0.8532, "loc": [{"l": "carcass", "c": 0.853186309337616, "x": 467.38653564453125, "y": 127.21603393554688, "w": 50.0267333984375, "h": 53.990234375}, {"l": "carcass", "c": 0.7270987033843994, "x": 323.41094970703125, "y": 235.35140991210938, "w": 45.4063720703125, "h": 42.09149169921875}, {"l": "bird", "c": 0.5121653079986572, "x": 221.83859252929688, "y": 58.94950485229492, "w": 39.10638427734375, "h": 51.98996353149414}]}}