{"/tmp/nas/.scout-hidden/images/1732037125932.jpg": {"wic": 0.7829, "loc": [{"l": "zebra", "c": 0.7829186916351318, "x": 294.5879821777344, "y": 244.83840942382812, "w": 36.25701904296875, "h": 98.42172241210938}, {"l": "zebra", "c": 0.7341770529747009, "x": 469.11676025390625, "y": 185.25332641601562, "w": 37.17213439941406, "h": 56.42926025390625}, {"l": "zebra", "c": 0.5830790996551514, "x": 336.32696533203125, "y": 165.6669921875, "w": 18.434814453125, "h": 32.01666259765625}]}}