{"/tmp/nas/.scout-hidden/images/1732037110518.jpg": {"wic": 0.7737, "loc": [{"l": "warthog", "c": 0.7737417221069336, "x": 414.54010009765625, "y": 25.124652862548828, "w": 25.36236572265625, "h": 58.559627532958984}, {"l": "warthog", "c": 0.7703152894973755, "x": 396.0032043457031, "y": 362.8789978027344, "w": 53.54449462890625, "h": 65.05606079101562}, {"l": "warthog", "c": 0.6987534165382385, "x": 310.4538879394531, "y": 84.64704132080078, "w": 65.79071044921875, "h": 40.98228454589844}, {"l": "buffalo", "c": 0.6347233057022095, "x": 8.795693397521973, "y": 7.365643501281738, "w": 140.5312261581421, "h": 84.1704969406128}]}}