{"/tmp/nas/.scout-hidden/images/1732037114491.jpg": {"wic": 0.739, "loc": [{"l": "buffalo", "c": 0.7389690279960632, "x": 49.51475143432617, "y": 213.1079559326172, "w": 37.78286361694336, "h": 77.68083190917969}]}}