{"/tmp/nas/.scout-hidden/images/1732037095277.jpg": {"wic": 0.6362, "loc": [{"l": "red lechwe", "c": 0.6362054347991943, "x": 18.721786499023438, "y": 595.4751586914062, "w": 44.28028106689453, "h": 44.52484130859375}]}}