{"/tmp/nas/.scout-hidden/images/1732037119859.jpg": {"wic": 0.5858, "loc": [{"l": "wildebeest", "c": 0.5858029723167419, "x": 456.8416748046875, "y": 263.2165832519531, "w": 55.1583251953125, "h": 56.49481201171875}]}}