{"/tmp/nas/.scout-hidden/images/1732037112894.jpg": {"wic": 0.5671, "loc": [{"l": "carcass", "c": 0.5670539140701294, "x": 540.0133361816406, "y": 217.22235107421875, "w": 40.674774169921875, "h": 77.89434814453125}]}}