{"/tmp/nas/.scout-hidden/images/1732037094904.jpg": {"wic": 0.7533, "loc": [{"l": "wildebeest", "c": 0.7533271908760071, "x": 155.20911407470703, "y": 85.62400817871094, "w": 23.604354858398438, "h": 54.165184020996094}, {"l": "cow", "c": 0.6645005941390991, "x": 90.06341361999512, "y": 21.784889221191406, "w": 27.655546188354492, "h": 53.597511291503906}, {"l": "wildebeest", "c": 0.6385945677757263, "x": 102.86741638183594, "y": 265.788330078125, "w": 24.783302307128906, "h": 52.059326171875}]}}