{"/tmp/nas/.scout-hidden/images/1732037116154.jpg": {"wic": 0.4582, "loc": [{"l": "elephant", "c": 0.45815762877464294, "x": 0.0, "y": 166.75247192382812, "w": 140.65867614746094, "h": 140.80740356445312}]}}