{"/tmp/nas/.scout-hidden/images/1732037114138.jpg": {"wic": 0.7449, "loc": [{"l": "carcass", "c": 0.744935154914856, "x": 162.512939453125, "y": 379.232177734375, "w": 28.751373291015625, "h": 46.18328857421875}, {"l": "hippo", "c": 0.48665034770965576, "x": 467.4544677734375, "y": 374.56109619140625, "w": 44.5455322265625, "h": 48.22760009765625}, {"l": "red lechwe", "c": 0.45812660455703735, "x": 142.2835235595703, "y": 154.6300506591797, "w": 73.91383361816406, "h": 37.41998291015625}]}}