{"/tmp/nas/.scout-hidden/images/1732037099770.jpg": {"wic": 0.6219, "loc": [{"l": "waterbuck", "c": 0.621895968914032, "x": 44.65986251831055, "y": 386.36224365234375, "w": 49.65762710571289, "h": 58.0738525390625}]}}