{"/tmp/nas/.scout-hidden/images/1732037126518.jpg": {"wic": 0.7265, "loc": [{"l": "carcass", "c": 0.726548433303833, "x": 150.18936157226562, "y": 199.74069213867188, "w": 58.38554382324219, "h": 66.83924865722656}, {"l": "red lechwe", "c": 0.5847010612487793, "x": 339.6219787597656, "y": 58.92936325073242, "w": 43.54011535644531, "h": 61.162784576416016}, {"l": "cow", "c": 0.5436896085739136, "x": 88.17886352539062, "y": 21.532814025878906, "w": 52.152191162109375, "h": 51.171409606933594}]}}