{"/tmp/nas/.scout-hidden/images/1732037111713.jpg": {"wic": 0.4587, "loc": [{"l": "hartebeest", "c": 0.4586884379386902, "x": 337.3352966308594, "y": 190.2890625, "w": 57.08612060546875, "h": 46.61492919921875}]}}