{"/tmp/nas/.scout-hidden/images/1732037112078.jpg": {"wic": 0.513, "loc": [{"l": "goat", "c": 0.5130214095115662, "x": 542.6526565551758, "y": 224.5228271484375, "w": 33.89789581298828, "h": 43.347686767578125}]}}