{"/tmp/nas/.scout-hidden/images/1732037106173.jpg": {"wic": 0.6436, "loc": [{"l": "buffalo", "c": 0.643629252910614, "x": 99.73078155517578, "y": 32.95952606201172, "w": 59.45134735107422, "h": 62.20501708984375}, {"l": "carcass", "c": 0.551557183265686, "x": 21.036422729492188, "y": 246.63534545898438, "w": 57.334861755371094, "h": 26.13934326171875}]}}