{"/tmp/nas/.scout-hidden/images/1732037112514.jpg": {"wic": 0.8074, "loc": [{"l": "elephant", "c": 0.8073893189430237, "x": 573.9482269287109, "y": 360.96160888671875, "w": 192.4795379638672, "h": 193.9993896484375}, {"l": "elephant", "c": 0.6441044807434082, "x": 0.0, "y": 306.135986328125, "w": 308.299072265625, "h": 183.73782348632812}, {"l": "cow", "c": 0.504562497138977, "x": 437.4384765625, "y": 303.6160888671875, "w": 139.5526123046875, "h": 100.46240234375}, {"l": "impala", "c": 0.4630226492881775, "x": 824.12255859375, "y": 323.08184814453125, "w": 44.372467041015625, "h": 52.4765625}]}}