{"/tmp/nas/.scout-hidden/images/1732037111190.jpg": {"wic": 0.7269, "loc": [{"l": "hippo", "c": 0.726923406124115, "x": 197.68740844726562, "y": 117.32051086425781, "w": 86.045654296875, "h": 134.8382110595703}, {"l": "hippo", "c": 0.6763594150543213, "x": 269.8963928222656, "y": 398.0052490234375, "w": 36.96002197265625, "h": 71.79534912109375}]}}