{"/tmp/nas/.scout-hidden/images/1732037107772.jpg": {"wic": 0.6713, "loc": [{"l": "canoe", "c": 0.6713272929191589, "x": 507.0333251953125, "y": 22.272850036621094, "w": 105.2191162109375, "h": 39.35045623779297}, {"l": "hippo", "c": 0.5832926034927368, "x": 520.9144287109375, "y": 140.2845458984375, "w": 99.22015380859375, "h": 33.195404052734375}]}}