{"/tmp/nas/.scout-hidden/images/1732037114525.jpg": {"wic": 0.6775, "loc": [{"l": "warthog", "c": 0.6775013208389282, "x": 335.7692565917969, "y": 0.0, "w": 42.22021484375, "h": 36.441009521484375}, {"l": "buffalo", "c": 0.6335446834564209, "x": 446.26513671875, "y": 0.021830199286341667, "w": 53.73486328125, "h": 22.934281708672643}]}}