{"/tmp/nas/.scout-hidden/images/1732037125834.jpg": {"wic": 0.4688, "loc": [{"l": "giraffe", "c": 0.46881771087646484, "x": 329.0079650878906, "y": 271.01531982421875, "w": 100.33404541015625, "h": 172.039306640625}]}}