{"/tmp/nas/.scout-hidden/images/1732037121649.jpg": {"wic": 0.828, "loc": [{"l": "carcass", "c": 0.8280478119850159, "x": 129.73048400878906, "y": 52.38249588012695, "w": 46.18980407714844, "h": 39.534053802490234}, {"l": "carcass", "c": 0.7282924652099609, "x": 256.846435546875, "y": 115.97998809814453, "w": 100.0845947265625, "h": 117.12529754638672}, {"l": "carcass", "c": 0.5853224396705627, "x": 199.525390625, "y": 303.6077880859375, "w": 233.13323974609375, "h": 192.41604614257812}, {"l": "carcass", "c": 0.5271177887916565, "x": 198.9081573486328, "y": 60.42329406738281, "w": 41.02647399902344, "h": 27.75372314453125}]}}