{"/tmp/nas/.scout-hidden/images/1732037120645.jpg": {"wic": 0.5573, "loc": [{"l": "carcass", "c": 0.5573042035102844, "x": 360.4100341796875, "y": 189.295166015625, "w": 88.361083984375, "h": 107.68492126464844}, {"l": "bird", "c": 0.543708324432373, "x": 69.81939697265625, "y": 522.35107421875, "w": 24.6187744140625, "h": 28.7935791015625}]}}