{"/tmp/nas/.scout-hidden/images/1732037095532.jpg": {"wic": 0.6277, "loc": [{"l": "sable", "c": 0.6276603937149048, "x": 158.2676010131836, "y": 446.5254821777344, "w": 26.564979553222656, "h": 80.2833251953125}, {"l": "carcass", "c": 0.5170255303382874, "x": 217.95010375976562, "y": 0.1611175537109375, "w": 25.209991455078125, "h": 81.50979614257812}]}}