{"/tmp/nas/.scout-hidden/images/1732037099132.jpg": {"wic": 0.5545, "loc": [{"l": "hippo", "c": 0.5545069575309753, "x": 294.03564453125, "y": 198.58895874023438, "w": 74.948974609375, "h": 26.2021484375}, {"l": "hippo", "c": 0.504487156867981, "x": 294.26458740234375, "y": 108.15493774414062, "w": 91.60205078125, "h": 27.276641845703125}]}}