{"/tmp/nas/.scout-hidden/images/1732037107583.jpg": {"wic": 0.683, "loc": [{"l": "waterbuck", "c": 0.682963490486145, "x": 420.84619140625, "y": 68.91780853271484, "w": 59.569732666015625, "h": 51.323692321777344}, {"l": "buffalo", "c": 0.6798625588417053, "x": 0.0, "y": 318.64190673828125, "w": 55.03654098510742, "h": 51.22174072265625}, {"l": "elephant", "c": 0.4862041175365448, "x": 97.46414947509766, "y": 454.4718322753906, "w": 85.58538055419922, "h": 45.493133544921875}]}}