{"/tmp/nas/.scout-hidden/images/1732037113027.jpg": {"wic": 0.7471, "loc": [{"l": "sable", "c": 0.7471261620521545, "x": 257.30224609375, "y": 3.857227325439453, "w": 37.80609130859375, "h": 31.772308349609375}, {"l": "carcass", "c": 0.6511237025260925, "x": 92.4252700805664, "y": 18.521711349487305, "w": 81.77471160888672, "h": 63.63855171203613}]}}