{"/tmp/nas/.scout-hidden/images/1732037113968.jpg": {"wic": 0.4825, "loc": [{"l": "goat", "c": 0.48247313499450684, "x": 450.2664489746094, "y": 182.29519653320312, "w": 22.9293212890625, "h": 42.53082275390625}, {"l": "canoe", "c": 0.4613400101661682, "x": 91.00187683105469, "y": 106.48798370361328, "w": 49.77909851074219, "h": 87.82632446289062}]}}