{"/tmp/nas/.scout-hidden/images/1732037106577.jpg": {"wic": 0.5694, "loc": [{"l": "cow", "c": 0.5694276094436646, "x": 7.4332275390625, "y": 366.9637451171875, "w": 37.88584518432617, "h": 60.25396728515625}, {"l": "buffalo", "c": 0.5211322903633118, "x": 254.19820404052734, "y": 183.8304443359375, "w": 46.48444366455078, "h": 43.75476837158203}, {"l": "red lechwe", "c": 0.5006165504455566, "x": 393.375732421875, "y": 0.03661918640136719, "w": 28.46136474609375, "h": 17.45181655883789}]}}