{"/tmp/nas/.scout-hidden/images/1732037114948.jpg": {"wic": 0.719, "loc": [{"l": "warthog", "c": 0.7189953327178955, "x": 320.8902893066406, "y": 307.5229797363281, "w": 42.23675537109375, "h": 68.89190673828125}]}}