{"/tmp/nas/.scout-hidden/images/1732037119232.jpg": {"wic": 0.676, "loc": [{"l": "vehicle", "c": 0.6759834885597229, "x": 887.6883544921875, "y": 458.54498291015625, "w": 129.28973388671875, "h": 79.8719482421875}, {"l": "hippo", "c": 0.5060440897941589, "x": 592.3316650390625, "y": 309.89068603515625, "w": 28.29400634765625, "h": 24.85174560546875}, {"l": "hippo", "c": 0.46011975407600403, "x": 670.9522705078125, "y": 312.912109375, "w": 31.919189453125, "h": 29.409912109375}]}}