{"/tmp/nas/.scout-hidden/images/1732037110834.jpg": {"wic": 0.648, "loc": [{"l": "elephant", "c": 0.6479622721672058, "x": 80.23917388916016, "y": 197.54270935058594, "w": 47.284271240234375, "h": 127.46006774902344}, {"l": "elephant", "c": 0.5531003475189209, "x": 22.415525436401367, "y": 191.79844665527344, "w": 54.79653358459473, "h": 135.6787567138672}]}}