{"/tmp/nas/.scout-hidden/images/1732037105816.jpg": {"wic": 0.8803, "loc": [{"l": "carcass", "c": 0.8802977204322815, "x": 0.2604103088378906, "y": 377.0064392089844, "w": 43.20151901245117, "h": 69.84906005859375}, {"l": "warthog", "c": 0.7606282830238342, "x": 228.03662109375, "y": 205.75732421875, "w": 40.342010498046875, "h": 59.68328857421875}]}}