{"/tmp/nas/.scout-hidden/images/1732037103329.jpg": {"wic": 0.5632, "loc": [{"l": "baboon", "c": 0.5632212162017822, "x": 525.1944580078125, "y": 218.27359008789062, "w": 22.955352783203125, "h": 21.036270141601562}, {"l": "red lechwe", "c": 0.5185770988464355, "x": 579.5699462890625, "y": 140.42829036712646, "w": 27.6455078125, "h": 13.240723609924316}]}}