{"/tmp/nas/.scout-hidden/images/1732037116428.jpg": {"wic": 0.6576, "loc": [{"l": "red lechwe", "c": 0.657603919506073, "x": 352.0641174316406, "y": 233.92123413085938, "w": 17.268035888671875, "h": 29.59075927734375}, {"l": "red lechwe", "c": 0.6174777150154114, "x": 148.92965698242188, "y": 128.0, "w": 45.298553466796875, "h": 27.506378173828125}, {"l": "red lechwe", "c": 0.5292044281959534, "x": 185.08663940429688, "y": 568.2798461914062, "w": 45.9205322265625, "h": 17.4178466796875}, {"l": "sable", "c": 0.47424522042274475, "x": 497.15936279296875, "y": 595.8359985351562, "w": 28.7344970703125, "h": 44.16400146484375}]}}