{"/tmp/nas/.scout-hidden/images/1732037101846.jpg": {"wic": 0.5572, "loc": [{"l": "roof_mabati", "c": 0.5571689009666443, "x": 0.0579376220703125, "y": 164.32192993164062, "w": 128.18943786621094, "h": 317.2997131347656}]}}