{"/tmp/nas/.scout-hidden/images/1732037110210.jpg": {"wic": 0.541, "loc": [{"l": "impala", "c": 0.5410429835319519, "x": 476.4343566894531, "y": 111.89974212646484, "w": 38.925537109375, "h": 90.19281768798828}, {"l": "waterbuck", "c": 0.5347254276275635, "x": 400.50384521484375, "y": 359.3994445800781, "w": 58.89447021484375, "h": 41.396636962890625}]}}