{"/tmp/nas/.scout-hidden/images/1732037125402.jpg": {"wic": 0.6428, "loc": [{"l": "hippo", "c": 0.6427894830703735, "x": 86.96257781982422, "y": 195.32139587402344, "w": 101.6622085571289, "h": 106.27775573730469}, {"l": "elephant", "c": 0.5959877371788025, "x": 0.0, "y": 203.0116729736328, "w": 62.65678024291992, "h": 205.86216735839844}, {"l": "buffalo", "c": 0.4652327597141266, "x": 0.0, "y": 0.0, "w": 94.17478942871094, "h": 23.83287811279297}]}}