{"/tmp/nas/.scout-hidden/images/1732037119796.jpg": {"wic": 0.6897, "loc": [{"l": "buffalo", "c": 0.6896886229515076, "x": 343.67755126953125, "y": 321.8520202636719, "w": 85.22640991210938, "h": 41.150970458984375}]}}