{"/tmp/nas/.scout-hidden/images/1732037112978.jpg": {"wic": 0.5069, "loc": [{"l": "buffalo", "c": 0.5069403648376465, "x": 0.0, "y": 86.58064270019531, "w": 101.67113494873047, "h": 53.7772216796875}]}}