{"/tmp/nas/.scout-hidden/images/1732037114890.jpg": {"wic": 0.5423, "loc": [{"l": "hippo", "c": 0.5422524213790894, "x": 298.98480224609375, "y": 383.3593444824219, "w": 41.98016357421875, "h": 61.262237548828125}, {"l": "elephant", "c": 0.5272117257118225, "x": 153.76483154296875, "y": 474.646728515625, "w": 24.811172485351562, "h": 25.353271484375}]}}