{"/tmp/nas/.scout-hidden/images/1732037095667.jpg": {"wic": 0.5934, "loc": [{"l": "goat", "c": 0.593369722366333, "x": 330.90797424316406, "y": 63.01552200317383, "w": 46.992919921875, "h": 37.56612777709961}]}}