{"/tmp/nas/.scout-hidden/images/1732037105178.jpg": {"wic": 0.5513, "loc": [{"l": "canoe", "c": 0.551260232925415, "x": 52.34832763671875, "y": 217.76956176757812, "w": 65.07522583007812, "h": 112.60176086425781}]}}