{"/tmp/nas/.scout-hidden/images/1732037114185.jpg": {"wic": 0.6325, "loc": [{"l": "elephant", "c": 0.6325200200080872, "x": 553.04248046875, "y": 59.15333557128906, "w": 46.9515380859375, "h": 80.22325134277344}]}}