{"/tmp/nas/.scout-hidden/images/1732037096201.jpg": {"wic": 0.7265, "loc": [{"l": "warthog", "c": 0.7265459299087524, "x": 5.088287830352783, "y": 84.93363189697266, "w": 45.20148801803589, "h": 56.314048767089844}, {"l": "elephant", "c": 0.7036053538322449, "x": 194.30921936035156, "y": 383.5761413574219, "w": 101.13270568847656, "h": 81.69808959960938}, {"l": "buffalo", "c": 0.508171796798706, "x": 0.8774809241294861, "y": 199.9921417236328, "w": 60.4262757897377, "h": 41.250396728515625}]}}