{"/tmp/nas/.scout-hidden/images/1732037119527.jpg": {"wic": 0.8082, "loc": [{"l": "buffalo", "c": 0.808230459690094, "x": 172.93260192871094, "y": 239.29293060302734, "w": 41.43785858154297, "h": 40.28351593017578}, {"l": "buffalo", "c": 0.7853187322616577, "x": 118.05610656738281, "y": 198.92091369628906, "w": 39.76104736328125, "h": 41.729888916015625}, {"l": "hippo", "c": 0.5562986135482788, "x": 502.9246826171875, "y": 328.9720458984375, "w": 63.83984375, "h": 39.751953125}, {"l": "buffalo", "c": 0.4854496121406555, "x": 199.53256225585938, "y": 194.7174072265625, "w": 22.3990478515625, "h": 28.34637451171875}]}}