{"/tmp/nas/.scout-hidden/images/1732037098362.jpg": {"wic": 0.599, "loc": [{"l": "elephant", "c": 0.5990344285964966, "x": 463.21014404296875, "y": 155.26943969726562, "w": 56.4415283203125, "h": 53.482421875}, {"l": "carcass", "c": 0.5098832845687866, "x": 145.99150466918945, "y": 565.31005859375, "w": 36.979732513427734, "h": 34.68994140625}]}}