{"/tmp/nas/.scout-hidden/images/1732037111517.jpg": {"wic": 0.8471, "loc": [{"l": "zebra", "c": 0.8471225500106812, "x": 213.57936096191406, "y": 246.34628295898438, "w": 107.59208679199219, "h": 70.09323120117188}]}}