{"/tmp/nas/.scout-hidden/images/1732037126204.jpg": {"wic": 0.8161, "loc": [{"l": "carcass", "c": 0.8160961270332336, "x": 203.83523559570312, "y": 361.5399169921875, "w": 51.066253662109375, "h": 40.778167724609375}, {"l": "carcass", "c": 0.7909181714057922, "x": 307.40277099609375, "y": 426.284912109375, "w": 46.7017822265625, "h": 77.25140380859375}, {"l": "carcass", "c": 0.5520482659339905, "x": 437.8881530761719, "y": 537.9154663085938, "w": 25.701629638671875, "h": 62.08453369140625}]}}