{"/tmp/nas/.scout-hidden/images/1732037115186.jpg": {"wic": 0.8753, "loc": [{"l": "carcass", "c": 0.8752801418304443, "x": 207.56423950195312, "y": 240.34112548828125, "w": 50.670318603515625, "h": 34.953216552734375}, {"l": "carcass", "c": 0.7694979310035706, "x": 367.20361328125, "y": 215.18405151367188, "w": 28.55828857421875, "h": 25.13116455078125}]}}