{"/tmp/nas/.scout-hidden/images/1732037101562.jpg": {"wic": 0.6516, "loc": [{"l": "vehicle", "c": 0.6515928506851196, "x": 31.48480224609375, "y": 461.3350830078125, "w": 274.90087890625, "h": 110.205078125}]}}