{"/tmp/nas/.scout-hidden/images/1732037100582.jpg": {"wic": 0.7352, "loc": [{"l": "cow", "c": 0.735217809677124, "x": 154.15069580078125, "y": 1.119659423828125, "w": 45.7667236328125, "h": 35.482337951660156}, {"l": "carcass", "c": 0.6749925017356873, "x": 286.3057861328125, "y": 438.73223876953125, "w": 85.86166381835938, "h": 25.25518798828125}, {"l": "carcass", "c": 0.5815040469169617, "x": 504.43084716796875, "y": 364.3019256591797, "w": 52.3319091796875, "h": 55.91340637207031}]}}