{"/tmp/nas/.scout-hidden/images/1732037115922.jpg": {"wic": 0.8653, "loc": [{"l": "carcass", "c": 0.8653198480606079, "x": 170.30249786376953, "y": 484.14349365234375, "w": 50.32854461669922, "h": 44.8939208984375}, {"l": "carcass", "c": 0.7057317495346069, "x": 519.2122802734375, "y": 471.3744201660156, "w": 57.6463623046875, "h": 56.07208251953125}, {"l": "carcass", "c": 0.6315149068832397, "x": 47.554046630859375, "y": 304.59130859375, "w": 27.871437072753906, "h": 87.76947021484375}]}}