{"/tmp/nas/.scout-hidden/images/1732037101709.jpg": {"wic": 0.779, "loc": [{"l": "elephant", "c": 0.7790231704711914, "x": 605.369873046875, "y": 365.0565490722656, "w": 102.74229431152344, "h": 206.94345092773438}, {"l": "elephant", "c": 0.7067238092422485, "x": 313.22369384765625, "y": 367.9991455078125, "w": 150.26897430419922, "h": 204.0008544921875}]}}