{"/tmp/nas/.scout-hidden/images/1732037100805.jpg": {"wic": 0.4598, "loc": [{"l": "hippo", "c": 0.4597828686237335, "x": 414.81744384765625, "y": 301.1422119140625, "w": 89.0169677734375, "h": 23.42242431640625}]}}