{"/tmp/nas/.scout-hidden/images/1732037108178.jpg": {"wic": 0.7167, "loc": [{"l": "buffalo", "c": 0.716709315776825, "x": 147.56887817382812, "y": 197.21217346191406, "w": 67.4002685546875, "h": 45.673736572265625}, {"l": "warthog", "c": 0.6319188475608826, "x": 251.84588623046875, "y": 333.30145263671875, "w": 59.677459716796875, "h": 43.650146484375}, {"l": "waterbuck", "c": 0.5379299521446228, "x": 7.6734771728515625, "y": 135.1959686279297, "w": 47.976165771484375, "h": 129.11790466308594}, {"l": "waterbuck", "c": 0.47528278827667236, "x": 130.77145385742188, "y": 20.947179794311523, "w": 59.441253662109375, "h": 51.76913642883301}]}}