{"/tmp/nas/.scout-hidden/images/1732037104950.jpg": {"wic": 0.6249, "loc": [{"l": "buffalo", "c": 0.6249245405197144, "x": 392.7744140625, "y": 477.2449951171875, "w": 40.1868896484375, "h": 65.95196533203125}, {"l": "buffalo", "c": 0.6185405850410461, "x": 550.5316162109375, "y": 158.44927978515625, "w": 33.68994140625, "h": 76.83596801757812}, {"l": "buffalo", "c": 0.5589421391487122, "x": 446.6548156738281, "y": 445.1739807128906, "w": 34.5992431640625, "h": 39.57171630859375}, {"l": "buffalo", "c": 0.4911613166332245, "x": 466.8257751464844, "y": 494.1787109375, "w": 43.81268310546875, "h": 17.8212890625}]}}