{"/tmp/nas/.scout-hidden/images/1732037112372.jpg": {"wic": 0.7726, "loc": [{"l": "carcass", "c": 0.7725993394851685, "x": 189.40994262695312, "y": 190.59120178222656, "w": 70.04891967773438, "h": 52.97621154785156}, {"l": "carcass", "c": 0.6902361512184143, "x": 152.03256225585938, "y": 295.0811767578125, "w": 84.0355224609375, "h": 43.105224609375}]}}