{"/tmp/nas/.scout-hidden/images/1732037095103.jpg": {"wic": 0.8101, "loc": [{"l": "carcass", "c": 0.8100618124008179, "x": 91.96089172363281, "y": 229.74317932128906, "w": 85.34872436523438, "h": 26.085098266601562}, {"l": "carcass", "c": 0.6971734166145325, "x": 194.8670654296875, "y": 556.1039733886719, "w": 86.57904052734375, "h": 50.673858642578125}, {"l": "carcass", "c": 0.6327706575393677, "x": 324.53106689453125, "y": 344.69879150390625, "w": 101.0262451171875, "h": 26.9228515625}]}}