{"/tmp/nas/.scout-hidden/images/1732037121313.jpg": {"wic": 0.4928, "loc": [{"l": "warthog", "c": 0.4928000569343567, "x": 0.2135261744260788, "y": 179.48739624023438, "w": 54.805181100964546, "h": 45.32438659667969}]}}