{"/tmp/nas/.scout-hidden/images/1732037102602.jpg": {"wic": 0.8063, "loc": [{"l": "buffalo", "c": 0.8063403964042664, "x": 156.99738693237305, "y": 200.96299743652344, "w": 33.83646774291992, "h": 61.86961364746094}, {"l": "carcass", "c": 0.6798796057701111, "x": 194.9539794921875, "y": 57.70649337768555, "w": 53.873443603515625, "h": 44.18021011352539}]}}