{"/tmp/nas/.scout-hidden/images/1732037110870.jpg": {"wic": 0.5858, "loc": [{"l": "buffalo", "c": 0.5858332514762878, "x": 92.87516021728516, "y": 108.760009765625, "w": 47.69268035888672, "h": 38.10447692871094}, {"l": "wildebeest", "c": 0.45474785566329956, "x": 129.67523193359375, "y": 254.15049743652344, "w": 48.3560791015625, "h": 156.6143035888672}]}}