{"/tmp/nas/.scout-hidden/images/1732037110162.jpg": {"wic": 0.6395, "loc": [{"l": "warthog", "c": 0.6395463347434998, "x": 76.55825805664062, "y": 127.36907196044922, "w": 38.69646453857422, "h": 63.10205841064453}]}}