{"/tmp/nas/.scout-hidden/images/1732037095007.jpg": {"wic": 0.6368, "loc": [{"l": "buffalo", "c": 0.6368012428283691, "x": 0.09265913814306259, "y": 24.64150047302246, "w": 44.942718364298344, "h": 102.25032997131348}, {"l": "warthog", "c": 0.45505738258361816, "x": 293.6216735839844, "y": 0.39558854699134827, "w": 38.038604736328125, "h": 55.51917967200279}]}}