{"/tmp/nas/.scout-hidden/images/1732037115235.jpg": {"wic": 0.5519, "loc": [{"l": "goat", "c": 0.5519051551818848, "x": 282.5286560058594, "y": 176.2699432373047, "w": 32.315338134765625, "h": 48.04859924316406}, {"l": "cow", "c": 0.49536266922950745, "x": 511.6593017578125, "y": 305.7648010253906, "w": 55.37158203125, "h": 75.21319580078125}, {"l": "cow", "c": 0.4714727997779846, "x": 0.14336585998535156, "y": 239.04403686523438, "w": 29.12807273864746, "h": 65.37493896484375}]}}