{"/tmp/nas/.scout-hidden/images/1732037105045.jpg": {"wic": 0.8534, "loc": [{"l": "carcass", "c": 0.8533854484558105, "x": 32.89915466308594, "y": 546.9813232421875, "w": 59.11509704589844, "h": 62.234375}, {"l": "waterbuck", "c": 0.5739363431930542, "x": 179.5662956237793, "y": 341.9283142089844, "w": 42.34907913208008, "h": 45.322998046875}, {"l": "carcass", "c": 0.4501797556877136, "x": 331.92999267578125, "y": 451.3582763671875, "w": 35.7156982421875, "h": 60.6417236328125}]}}