{"/tmp/nas/.scout-hidden/images/1732037098594.jpg": {"wic": 0.6457, "loc": [{"l": "cow", "c": 0.6456747055053711, "x": 146.7545394897461, "y": 310.3122253417969, "w": 46.78114318847656, "h": 58.624603271484375}]}}