{"/tmp/nas/.scout-hidden/images/1732037126843.jpg": {"wic": 0.6922, "loc": [{"l": "carcass", "c": 0.692240834236145, "x": 57.575477600097656, "y": 67.65519714355469, "w": 24.941131591796875, "h": 41.956878662109375}]}}