{"/tmp/nas/.scout-hidden/images/1732037116202.jpg": {"wic": 0.5444, "loc": [{"l": "crocodile", "c": 0.5443598031997681, "x": 211.02613830566406, "y": 120.4596939086914, "w": 31.08154296875, "h": 85.5735092163086}]}}