{"/tmp/nas/.scout-hidden/images/1732037114769.jpg": {"wic": 0.718, "loc": [{"l": "buffalo", "c": 0.717952311038971, "x": 302.2857666015625, "y": 21.450965881347656, "w": 133.52554321289062, "h": 60.730224609375}, {"l": "warthog", "c": 0.6372243762016296, "x": 297.506103515625, "y": 376.890869140625, "w": 45.612945556640625, "h": 51.146148681640625}, {"l": "waterbuck", "c": 0.5003876686096191, "x": 339.08245849609375, "y": 365.3990478515625, "w": 47.842864990234375, "h": 129.29998779296875}]}}