{"/tmp/nas/.scout-hidden/images/1732037124917.jpg": {"wic": 0.9008, "loc": [{"l": "carcass", "c": 0.9008188247680664, "x": 140.03721618652344, "y": 162.3641357421875, "w": 33.444549560546875, "h": 61.33245849609375}, {"l": "carcass", "c": 0.6296892166137695, "x": 497.755859375, "y": 522.4408264160156, "w": 85.6417236328125, "h": 29.533294677734375}, {"l": "canoe", "c": 0.5150834918022156, "x": 18.02763557434082, "y": 474.3116455078125, "w": 49.29157829284668, "h": 56.0040283203125}]}}