{"/tmp/nas/.scout-hidden/images/1732037102849.jpg": {"wic": 0.4663, "loc": [{"l": "hippo", "c": 0.46625861525535583, "x": 440.36407470703125, "y": 380.2630310058594, "w": 48.45947265625, "h": 50.431884765625}]}}