{"/tmp/nas/.scout-hidden/images/1732037112234.jpg": {"wic": 0.7658, "loc": [{"l": "hippo", "c": 0.765802264213562, "x": 575.6939086914062, "y": 453.93109130859375, "w": 70.03996276855469, "h": 56.5361328125}, {"l": "hippo", "c": 0.7015799283981323, "x": 445.8294677734375, "y": 421.51654052734375, "w": 58.4849853515625, "h": 84.88034057617188}, {"l": "hippo", "c": 0.6830673217773438, "x": 682.0751342773438, "y": 444.2218933105469, "w": 49.39093017578125, "h": 51.2939453125}, {"l": "roof_grass", "c": 0.4741106331348419, "x": 675.5584716796875, "y": 41.901214599609375, "w": 220.4415283203125, "h": 216.89404296875}]}}