{"/tmp/nas/.scout-hidden/images/1732037121605.jpg": {"wic": 0.6864, "loc": [{"l": "waterbuck", "c": 0.6864439249038696, "x": 79.76309204101562, "y": 111.9787368774414, "w": 55.628997802734375, "h": 50.830482482910156}]}}