{"/tmp/nas/.scout-hidden/images/1732037104564.jpg": {"wic": 0.824, "loc": [{"l": "giraffe", "c": 0.8239697813987732, "x": 205.92335510253906, "y": 163.07290649414062, "w": 82.00555419921875, "h": 147.1412353515625}]}}