{"/tmp/nas/.scout-hidden/images/1732037103793.jpg": {"wic": 0.722, "loc": [{"l": "warthog", "c": 0.7219619154930115, "x": 126.43409729003906, "y": 445.34332275390625, "w": 25.20684814453125, "h": 43.3243408203125}, {"l": "bird", "c": 0.607363224029541, "x": 495.53369140625, "y": 453.5563659667969, "w": 29.740966796875, "h": 52.067626953125}]}}