{"/tmp/nas/.scout-hidden/images/1732037094396.jpg": {"wic": 0.5642, "loc": [{"l": "roof_mabati", "c": 0.5641941428184509, "x": 88.0, "y": 298.640380859375, "w": 187.6306610107422, "h": 300.61920166015625}]}}