{"/tmp/nas/.scout-hidden/images/1732037123559.jpg": {"wic": 0.704, "loc": [{"l": "goat", "c": 0.7039743065834045, "x": 322.6403503417969, "y": 97.1008071899414, "w": 23.46441650390625, "h": 70.66222381591797}, {"l": "carcass", "c": 0.6153504252433777, "x": 120.597900390625, "y": 365.013427734375, "w": 34.218292236328125, "h": 61.697509765625}, {"l": "goat", "c": 0.5385549664497375, "x": 349.8886260986328, "y": 241.033447265625, "w": 33.5487060546875, "h": 85.07757568359375}]}}