{"/tmp/nas/.scout-hidden/images/1732037104994.jpg": {"wic": 0.7458, "loc": [{"l": "warthog", "c": 0.7457887530326843, "x": 205.92982482910156, "y": 189.97930908203125, "w": 27.734359741210938, "h": 45.004913330078125}, {"l": "carcass", "c": 0.7150090932846069, "x": 269.8024597167969, "y": 479.485107421875, "w": 29.431121826171875, "h": 30.79962158203125}, {"l": "warthog", "c": 0.5880951285362244, "x": 279.55316162109375, "y": 346.12872314453125, "w": 32.54901123046875, "h": 41.9012451171875}, {"l": "warthog", "c": 0.4506877660751343, "x": 317.01123046875, "y": 173.36244201660156, "w": 28.2362060546875, "h": 43.912261962890625}]}}