{"/tmp/nas/.scout-hidden/images/1732037101940.jpg": {"wic": 0.8243, "loc": [{"l": "zebra", "c": 0.8243342041969299, "x": 299.28668212890625, "y": 215.91385650634766, "w": 45.98565673828125, "h": 27.502708435058594}, {"l": "buffalo", "c": 0.7425498962402344, "x": 32.44795227050781, "y": 317.8915100097656, "w": 37.85498046875, "h": 30.95013427734375}]}}