{"/tmp/nas/.scout-hidden/images/1732037102794.jpg": {"wic": 0.7078, "loc": [{"l": "red lechwe", "c": 0.707835853099823, "x": 158.79116821289062, "y": 452.7376403808594, "w": 44.582427978515625, "h": 33.011474609375}]}}