{"/tmp/nas/.scout-hidden/images/1732037095227.jpg": {"wic": 0.7395, "loc": [{"l": "warthog", "c": 0.7394834160804749, "x": 268.84613037109375, "y": 72.93329620361328, "w": 54.59393310546875, "h": 65.60619354248047}, {"l": "warthog", "c": 0.5847721695899963, "x": 372.263671875, "y": 213.9614715576172, "w": 48.494415283203125, "h": 45.67704772949219}, {"l": "warthog", "c": 0.541656494140625, "x": 46.16605758666992, "y": 265.6605529785156, "w": 48.22983932495117, "h": 57.128173828125}]}}