{"/tmp/nas/.scout-hidden/images/1732037119062.jpg": {"wic": 0.6668, "loc": [{"l": "carcass", "c": 0.6667934656143188, "x": 1.3619461059570312, "y": 144.67056274414062, "w": 62.940101623535156, "h": 55.8402099609375}, {"l": "red lechwe", "c": 0.6213311553001404, "x": 434.38458251953125, "y": 514.8650207519531, "w": 47.03387451171875, "h": 56.77020263671875}, {"l": "carcass", "c": 0.5945231914520264, "x": 544.938720703125, "y": 418.6214599609375, "w": 51.4915771484375, "h": 54.055908203125}, {"l": "buffalo", "c": 0.555534839630127, "x": 285.054931640625, "y": 175.15750122070312, "w": 44.194580078125, "h": 56.76416015625}]}}