{"/tmp/nas/.scout-hidden/images/1732037124244.jpg": {"wic": 0.5259, "loc": [{"l": "kudu", "c": 0.5258910059928894, "x": 290.9165344238281, "y": 1.6382633447647095, "w": 123.59487915039062, "h": 134.8813441991806}]}}