{"/tmp/nas/.scout-hidden/images/1732037103874.jpg": {"wic": 0.5339, "loc": [{"l": "impala", "c": 0.5339310169219971, "x": 430.24755859375, "y": 170.89515686035156, "w": 68.72955322265625, "h": 47.49406433105469}, {"l": "giraffe", "c": 0.5079494118690491, "x": 1.4146267175674438, "y": 113.23603057861328, "w": 203.36447179317474, "h": 236.5985336303711}]}}