{"/tmp/nas/.scout-hidden/images/1732037102337.jpg": {"wic": 0.4816, "loc": [{"l": "zebra", "c": 0.48158523440361023, "x": 473.8663330078125, "y": 228.43844604492188, "w": 35.2520751953125, "h": 60.4583740234375}]}}