{"/tmp/nas/.scout-hidden/images/1732037095967.jpg": {"wic": 0.7922, "loc": [{"l": "warthog", "c": 0.7921712398529053, "x": 318.80299377441406, "y": 33.90959167480469, "w": 20.967193603515625, "h": 40.41650390625}, {"l": "cow", "c": 0.5537968277931213, "x": 247.6990966796875, "y": 396.09271240234375, "w": 28.34222412109375, "h": 28.74407958984375}, {"l": "warthog", "c": 0.5092068910598755, "x": 201.1547088623047, "y": 573.22412109375, "w": 22.520172119140625, "h": 26.77587890625}, {"l": "cow", "c": 0.4620518088340759, "x": 207.80355834960938, "y": 481.445068359375, "w": 32.88787841796875, "h": 29.355224609375}]}}