{"/tmp/nas/.scout-hidden/images/1732037114993.jpg": {"wic": 0.7693, "loc": [{"l": "buffalo", "c": 0.7692573070526123, "x": 16.678749084472656, "y": 35.711307525634766, "w": 126.58846282958984, "h": 52.616207122802734}, {"l": "buffalo", "c": 0.5132758617401123, "x": 40.21641159057617, "y": 0.0, "w": 56.75551223754883, "h": 32.27499008178711}]}}