{"/tmp/nas/.scout-hidden/images/1732037107050.jpg": {"wic": 0.665, "loc": [{"l": "buffalo", "c": 0.665029764175415, "x": 180.6122589111328, "y": 6.204649448394775, "w": 87.76643371582031, "h": 140.1678786277771}]}}