{"/tmp/nas/.scout-hidden/images/1732037110399.jpg": {"wic": 0.7445, "loc": [{"l": "carcass", "c": 0.7444796562194824, "x": 237.96792602539062, "y": 133.35653686523438, "w": 32.272491455078125, "h": 74.97952270507812}, {"l": "carcass", "c": 0.5699209570884705, "x": 209.84002685546875, "y": 326.44024658203125, "w": 39.422607421875, "h": 63.582763671875}, {"l": "bird", "c": 0.5560530424118042, "x": 568.4372253417969, "y": 518.734375, "w": 20.4937744140625, "h": 24.5277099609375}]}}