{"/tmp/nas/.scout-hidden/images/1732037113241.jpg": {"wic": 0.7198, "loc": [{"l": "buffalo", "c": 0.7198465466499329, "x": 0.0, "y": 71.77754974365234, "w": 56.96259307861328, "h": 131.11128997802734}]}}