{"/tmp/nas/.scout-hidden/images/1732037121487.jpg": {"wic": 0.809, "loc": [{"l": "zebra", "c": 0.8090008497238159, "x": 293.2826232910156, "y": 245.29217529296875, "w": 48.849365234375, "h": 101.09356689453125}, {"l": "zebra", "c": 0.6190337538719177, "x": 334.595703125, "y": 164.57147216796875, "w": 19.7261962890625, "h": 31.4525146484375}, {"l": "zebra", "c": 0.579596996307373, "x": 471.74269104003906, "y": 186.992431640625, "w": 29.865463256835938, "h": 53.892364501953125}, {"l": "red lechwe", "c": 0.5419148206710815, "x": 448.1927490234375, "y": 189.03237915039062, "w": 30.0836181640625, "h": 42.61187744140625}]}}