{"/tmp/nas/.scout-hidden/images/1732037113544.jpg": {"wic": 0.7983, "loc": [{"l": "wildebeest", "c": 0.7983124256134033, "x": 223.80120849609375, "y": 474.52313232421875, "w": 32.90380859375, "h": 38.3385009765625}, {"l": "wildebeest", "c": 0.7577089667320251, "x": 299.16192626953125, "y": 441.9732666015625, "w": 30.987213134765625, "h": 42.37774658203125}, {"l": "cow", "c": 0.679856538772583, "x": 360.67926025390625, "y": 87.24887084960938, "w": 30.4017333984375, "h": 48.273193359375}, {"l": "cow", "c": 0.5866594910621643, "x": 308.77471923828125, "y": 343.5724792480469, "w": 36.513092041015625, "h": 41.60552978515625}]}}