{"/tmp/nas/.scout-hidden/images/1732037095369.jpg": {"wic": 0.4884, "loc": [{"l": "carcass", "c": 0.48838943243026733, "x": 174.17044830322266, "y": 344.9796142578125, "w": 85.20458221435547, "h": 86.35455322265625}]}}