{"/tmp/nas/.scout-hidden/images/1732037124116.jpg": {"wic": 0.5176, "loc": [{"l": "giraffe", "c": 0.5175994634628296, "x": 193.11847686767578, "y": 220.5501708984375, "w": 66.71855926513672, "h": 203.40859985351562}]}}