{"/tmp/nas/.scout-hidden/images/1732037124711.jpg": {"wic": 0.5798, "loc": [{"l": "zebra", "c": 0.5797548294067383, "x": 476.3678741455078, "y": 195.70159912109375, "w": 45.53160095214844, "h": 154.62005615234375}, {"l": "elephant", "c": 0.5359355807304382, "x": 702.8805541992188, "y": 158.64495849609375, "w": 65.83670043945312, "h": 83.65562438964844}]}}