{"/tmp/nas/.scout-hidden/images/1732037113464.jpg": {"wic": 0.651, "loc": [{"l": "cow", "c": 0.6509846448898315, "x": 516.257568359375, "y": 104.14691162109375, "w": 57.4925537109375, "h": 87.97958374023438}, {"l": "kob", "c": 0.47419553995132446, "x": 229.91937255859375, "y": 19.755802154541016, "w": 26.98394775390625, "h": 16.41283416748047}]}}