{"/tmp/nas/.scout-hidden/images/1732037114853.jpg": {"wic": 0.7521, "loc": [{"l": "wildebeest", "c": 0.7521224021911621, "x": 168.74828720092773, "y": 70.23551177978516, "w": 76.04675674438477, "h": 48.68864440917969}, {"l": "wildebeest", "c": 0.5211922526359558, "x": 574.4646606445312, "y": 546.4140625, "w": 47.8734130859375, "h": 57.9676513671875}, {"l": "carcass", "c": 0.478921502828598, "x": 221.74899291992188, "y": 421.70849609375, "w": 54.9237060546875, "h": 29.3751220703125}]}}