{"/tmp/nas/.scout-hidden/images/1732037101499.jpg": {"wic": 0.7031, "loc": [{"l": "goat", "c": 0.7031459212303162, "x": 188.13841247558594, "y": 168.61016845703125, "w": 37.61500549316406, "h": 41.805511474609375}, {"l": "goat", "c": 0.47735506296157837, "x": 128.88580322265625, "y": 124.31646728515625, "w": 26.3004150390625, "h": 49.23223876953125}, {"l": "goat", "c": 0.4675513505935669, "x": 252.3594207763672, "y": 63.78363800048828, "w": 29.016983032226562, "h": 32.26910400390625}]}}