{"/tmp/nas/.scout-hidden/images/1732037105223.jpg": {"wic": 0.8327, "loc": [{"l": "carcass", "c": 0.8327404260635376, "x": 448.718505859375, "y": 289.2686462402344, "w": 56.626708984375, "h": 46.618743896484375}, {"l": "bird", "c": 0.6266287565231323, "x": 493.447509765625, "y": 437.9697570800781, "w": 55.5865478515625, "h": 38.830474853515625}, {"l": "bird", "c": 0.5400084257125854, "x": 224.73826599121094, "y": 334.21551513671875, "w": 21.29534912109375, "h": 36.18817138671875}, {"l": "buffalo", "c": 0.5384151339530945, "x": 352.83111572265625, "y": 130.72021102905273, "w": 51.3094482421875, "h": 56.647098541259766}]}}