{"/tmp/nas/.scout-hidden/images/1732037123671.jpg": {"wic": 0.8155, "loc": [{"l": "goat", "c": 0.8155263066291809, "x": 160.88433837890625, "y": 238.0489501953125, "w": 36.84757995605469, "h": 58.738800048828125}, {"l": "goat", "c": 0.7144769430160522, "x": 432.9010009765625, "y": 308.8267517089844, "w": 32.539306640625, "h": 70.5162353515625}, {"l": "goat", "c": 0.6207267045974731, "x": 103.92566680908203, "y": 232.60760498046875, "w": 21.092864990234375, "h": 54.905029296875}, {"l": "goat", "c": 0.46212664246559143, "x": 92.75662231445312, "y": 482.2579345703125, "w": 41.38624572753906, "h": 29.7420654296875}]}}