{"/tmp/nas/.scout-hidden/images/1732037113823.jpg": {"wic": 0.5743, "loc": [{"l": "elephant", "c": 0.5743120312690735, "x": 394.3651123046875, "y": 492.63775634765625, "w": 50.8924560546875, "h": 94.5233154296875}]}}