{"/tmp/nas/.scout-hidden/images/1732037119933.jpg": {"wic": 0.6612, "loc": [{"l": "kudu", "c": 0.6612263917922974, "x": 341.7257995605469, "y": 0.08809565752744675, "w": 78.76693725585938, "h": 166.68152714520693}, {"l": "kudu", "c": 0.5517086386680603, "x": 420.3954162597656, "y": 43.98146057128906, "w": 79.2435302734375, "h": 147.10296630859375}]}}