{"/tmp/nas/.scout-hidden/images/1732037094735.jpg": {"wic": 0.6196, "loc": [{"l": "warthog", "c": 0.6196016669273376, "x": 5.489364147186279, "y": 52.814659118652344, "w": 78.53722429275513, "h": 44.540489196777344}]}}