{"/tmp/nas/.scout-hidden/images/1732037105095.jpg": {"wic": 0.7069, "loc": [{"l": "carcass", "c": 0.706928551197052, "x": 27.258132934570312, "y": 210.271728515625, "w": 48.40045166015625, "h": 67.97195434570312}, {"l": "carcass", "c": 0.49689680337905884, "x": 378.7325439453125, "y": 85.70343780517578, "w": 25.39923095703125, "h": 97.28307342529297}]}}