{"/tmp/nas/.scout-hidden/images/1732037102048.jpg": {"wic": 0.6469, "loc": [{"l": "kudu", "c": 0.6468935608863831, "x": 373.36151123046875, "y": 226.17233276367188, "w": 93.906494140625, "h": 154.84848022460938}, {"l": "elephant", "c": 0.5145687460899353, "x": 551.2944793701172, "y": 152.02182006835938, "w": 65.10153198242188, "h": 98.142822265625}, {"l": "elephant", "c": 0.5064095258712769, "x": 592.1386108398438, "y": 160.2097396850586, "w": 97.06471252441406, "h": 135.47440338134766}]}}