{"/tmp/nas/.scout-hidden/images/1732037101802.jpg": {"wic": 0.6289, "loc": [{"l": "wildebeest", "c": 0.628873348236084, "x": 344.9297180175781, "y": 134.69614028930664, "w": 33.843048095703125, "h": 39.16428756713867}, {"l": "hippo", "c": 0.5181228518486023, "x": 360.95416259765625, "y": 475.27972412109375, "w": 36.721923828125, "h": 36.609619140625}]}}