{"/tmp/nas/.scout-hidden/images/1732037111420.jpg": {"wic": 0.459, "loc": [{"l": "carcass", "c": 0.4589650630950928, "x": 206.17828369140625, "y": 0.0, "w": 36.1656494140625, "h": 23.579347610473633}]}}