{"/tmp/nas/.scout-hidden/images/1732037124567.jpg": {"wic": 0.6473, "loc": [{"l": "hippo", "c": 0.6473357081413269, "x": 242.69622802734375, "y": 136.25711059570312, "w": 39.3310546875, "h": 66.52723693847656}, {"l": "carcass", "c": 0.5858420729637146, "x": 0.01543426513671875, "y": 183.64398193359375, "w": 32.45149230957031, "h": 41.13346862792969}, {"l": "hippo", "c": 0.5697822570800781, "x": 88.0669937133789, "y": 321.6759033203125, "w": 40.46354675292969, "h": 65.821044921875}]}}