{"/tmp/nas/.scout-hidden/images/1732037111240.jpg": {"wic": 0.7076, "loc": [{"l": "carcass", "c": 0.7075676918029785, "x": 378.6945495605469, "y": 79.83341979980469, "w": 24.75726318359375, "h": 95.31721496582031}, {"l": "carcass", "c": 0.4539364278316498, "x": 29.270362854003906, "y": 191.76626586914062, "w": 48.853851318359375, "h": 83.9351806640625}]}}