{"/tmp/nas/.scout-hidden/images/1732037122049.jpg": {"wic": 0.7631, "loc": [{"l": "waterbuck", "c": 0.7631169557571411, "x": 199.00435638427734, "y": 195.589599609375, "w": 50.803321838378906, "h": 69.8480224609375}, {"l": "cow", "c": 0.5697605013847351, "x": 37.95392608642578, "y": 102.71426391601562, "w": 49.27704620361328, "h": 70.021484375}]}}