{"/tmp/nas/.scout-hidden/images/1732037116779.jpg": {"wic": 0.7717, "loc": [{"l": "goat", "c": 0.7717153429985046, "x": 161.13034057617188, "y": 244.2785186767578, "w": 36.90838623046875, "h": 54.21199035644531}, {"l": "goat", "c": 0.6747487187385559, "x": 431.80780029296875, "y": 310.2809753417969, "w": 36.1571044921875, "h": 74.48468017578125}, {"l": "goat", "c": 0.49907663464546204, "x": 210.90750122070312, "y": 128.0, "w": 35.130859375, "h": 30.9099178314209}, {"l": "cow", "c": 0.46910369396209717, "x": 367.1460876464844, "y": 320.38201904296875, "w": 42.991424560546875, "h": 60.12896728515625}]}}