{"/tmp/nas/.scout-hidden/images/1732037102508.jpg": {"wic": 0.6509, "loc": [{"l": "hartebeest", "c": 0.650948703289032, "x": 251.65872192382812, "y": 36.4548454284668, "w": 167.13754272460938, "h": 78.82291030883789}, {"l": "buffalo", "c": 0.5880327224731445, "x": 2.5865843296051025, "y": 0.0, "w": 122.76118636131287, "h": 138.4490509033203}]}}