{"/tmp/nas/.scout-hidden/images/1732037096717.jpg": {"wic": 0.5507, "loc": [{"l": "goat", "c": 0.5507076382637024, "x": 470.31866455078125, "y": 210.3341522216797, "w": 24.0316162109375, "h": 43.66691589355469}, {"l": "cow", "c": 0.5210151672363281, "x": 113.0662841796875, "y": 258.62994384765625, "w": 26.851104736328125, "h": 36.779296875}]}}