{"/tmp/nas/.scout-hidden/images/1732037101758.jpg": {"wic": 0.5214, "loc": [{"l": "carcass", "c": 0.5214335322380066, "x": 73.06073760986328, "y": 541.7708740234375, "w": 29.339462280273438, "h": 42.47528076171875}]}}