{"/tmp/nas/.scout-hidden/images/1732037110260.jpg": {"wic": 0.7523, "loc": [{"l": "carcass", "c": 0.7523327469825745, "x": 184.37744140625, "y": 266.75018310546875, "w": 43.260406494140625, "h": 44.0758056640625}, {"l": "zebra", "c": 0.7281672954559326, "x": 0.10773086547851562, "y": 563.8733215332031, "w": 29.04145050048828, "h": 68.06549072265625}]}}