{"/tmp/nas/.scout-hidden/images/1732037111290.jpg": {"wic": 0.8472, "loc": [{"l": "carcass", "c": 0.8472467064857483, "x": 102.91647338867188, "y": 292.75384521484375, "w": 48.371482849121094, "h": 80.08830261230469}, {"l": "warthog", "c": 0.5332578420639038, "x": 345.7505798339844, "y": 490.68524169921875, "w": 47.411529541015625, "h": 25.81402587890625}]}}